id,description,English,Français
titleCase,Sets language to use in titleCase function,en,fr
title,the page/website title,Yukon Water Data Explorer,Explorateur des données sur l’eau du Yukon
home,homeNavTitle,Home,Accueil
maps,mapsNavMenuTitle,Maps,Cartes
maps_locs,mapsNavLocsTitle,Monitoring locations,Points de surveillance
maps_params,mapsNavParamsTitle,Current/past conditions,Données passées/actuelles
maps_raster,mapsNavRastersTitle,Rasters,Rasters
maps_snowbull,mapsNavSnowbullTitle,Snow bulletin,Bulletin nivométrique
plots,plotsNavMenuTitle,Plots,Graphiques
plots_discrete,plotsNavDiscTitle,Discrete,Discrètes
plots_continuous_old,plotsNavContOldTitle,Continuous (old version),Continues (ancienne version)
plots_mix,plotsNavMixTitle,Mixed data,Données mixtes
reports,reportsNavMenuTitle,Reports,Rapports
reports_snow,reportsNavSnowstatsTitle,Snowpack statistics,Statistiques nivométriques
reports_water,reportsNavWaterTitle,Water level/flow statistics,Statistiques de niveau/débit d'eau
reports_wq,reportsNavWQTitle,Water quality report,Rapport de qualité de l'eau
reports_snowbull,reportsNavSnowbullTitle,Snow bulletin and stats,Bulletin nivométrique et statistiques
data,dataNavMenuTitle,Data,Données
images,imagesNavMenuTitle,Images,Images
images_table,imagesNavTableTitle,Table selection,À partir d'un tableau
images_map,imagesNavMapTitle,Map selection,À partir de la carte
documents,translation,Documents,Documents
document_download,documentsModuleDownload,Download document,Télécharger le document
authors,documentsModuleColAuthors,Authors,Auteurs
document_published,documentsModuleColPublished,Published,Date de publication
description,documentsModuleColDescription,Description,Description
format,documentsModuleColFormat,Format,Format
owner,,Owner,Propriétaire
contributor,documentsModuleColContributor,Contributor,Contributeur
document_select_prompt,documentsModuleSelectPrompt,Select a document to view details.,Sélectionnez un document pour voir ses détails.
tags,,Tags,Étiquettes
document_no_preview,documentsModuleNoPreview,Preview not available for this file type.,Aucun aperçu disponible pour ce type de fichier.
document_type_col,,document_type_en,document_type_fr
info,infoNavMenuTitle,Info,Info
info_about,infoNavAboutTitle,About,À propos
info_news,infoNavNewsTitle,Updates and changes,Mises à jour
fod_comments,FODNavTitle,Forecaster comments,Commentaires du prévisionniste
wwr_title,Well Registry title,Water Well Registry,Registre des puits d'eau
homeTitle,Home page welcome message heading,Welcome to the Yukon Water Data Explorer,Bienvenue sur l'explorateur de données sur l'eau du Yukon
homeText,Home page welcome message,"This application hosts real-time and historic water and climate data for the Yukon and surrounding regions gathered by the Government of Yukon and partners. You'll find data related to water quality (temperature, chemistry) and quantity (level/flow) along with snowpack measurements, precipitation, temperature data - and more.","Cette application donne accès à des données hydrologiques et climatiques passées et en temps réel pour le Yukon et les régions environnantes. Ces données sont recueillies par le gouvernement du Yukon et ses partenaires. Elle réunit des données sur la qualité de l’eau (température, composition chimique) et la quantité d’eau (niveaux, débits), ainsi que sur l’enneigement, les précipitations et la température, entre autres mesures."
home_discrete_continuous_title,Explainer for discrete vs continuous,How we organize our data,Au sujet de l'organisation de nos données
home_discrete_continuous,Explainer for discrete vs continuous,"We sort data as <b>discrete</b> or <b>continuous</b>. This depends on:<ul><li>measurement frequency</li><li>how the measurement was made</li><li>other relevant metadata</li></ul><br><b>What is discrete data?</b><br> Discrete data are snapshot observations collected manually (e.g. snow depth) or by laboratory analysis. This data must have a description of how it was acquired, the analysis method, etc.<br><br><b>What is continuous data?</b><br>Continuous data is collected at regular, frequent intervals (e.g. hourly), mostly using automated instruments. Metadata include the instrument type and recording conditions.<br><br>","Les données sont classées en deux catégories : <b>discrètes</b> ou <b>continues</b>. Leur classement dépend de plusieurs facteurs :<ul><li>la fréquence des mesures;</li><li>la méthode des mesure;</li><li>d'autres métadonnées pertinentes.</li></ul><br><b>Que sont les données discrètes ?</b><br>Les données discrètes sont des observations ponctuelles recueillies manuellement (ex. profondeur de neige) ou par analyse en laboratoire. Elles doivent être accompagnées d’une description de leur acquisition, de la méthode d’analyse, etc.<br><br><b>Que sont les données continues?</b><br>Les données continues sont collectées à intervalles réguliers et fréquents (ex. fréquence horaire), principalement à l’aide d’instruments automatisés. Les métadonnées incluent le type d’instrument utilisé et les conditions d’enregistrement.<br><br>"
home_map_locs_btn,button text,See a map of monitoring locations,Consulter la carte des points de surveillance
home_map_params_btn,button text,See a map of current or past conditions,Consulter la carte des conditions passées et actuelles
feedback_text,thumbs up down button text,Was this page helpful?,Avez-vous trouvé cette page utile?
submit,submit button text,Submit,Soumettre
feedback_placeholder_up,placeholder text,Optional: how did this page help you?,En quoi cette page vous a-t-elle été utile? (Facultatif)
feedback_placeholder_down,placeholder text,Optional: how can we improve this page?,Comment peut-on améliorer cette page? (Facultatif)
login_txt,Body text for pop-up,Log in to add/modify data and administer assets.,Connectez vous pour ajouter/modifier des données.
un,username,Username,Nom d'utilisateur
pwd,password,Password,Mot de passe
login_success,modal title,Login successful,Connecté
login_success_msg,modal text,You are now logged in as,Vous êtes maintenant connecté comme
login_fail,modal title,Login failed,Connexion échouée
login_fail_msg,modal text,Wrong username or password.,Nom d'utilisateur ou mot de passe incorrect.
login_fail_missing,modal text,Please enter both a username and password.,Entrez un nom d'utilisateur et un mot de passe.
login_fail_attempts,modal text,Too many login attempts. Please try again later.,Trop d'essais. Réessayez plus tard.
login_confirm,modal actionButton text,Log in,Se connecter
login,button text,Login,Connexion
logout,button text,Logout,Déconnexion
logout_inactive_title,modal title,Logged out due to inactivity,Déconnexion pour cause d'inactivité
logout_inactive_msg,modal text,You have been logged out due to inactivity. Please log in again to continue.,Vous avez été déconnecté en raison d'une période d'inactivité. Veuillez vous reconnecter pour continuer.
error,,Error,Erreur
errorModalTitle,pop-up error message title,Our apologies!,Désolé!
errorModalMsg,pop-up error message body,The feature you selected could not be loaded.,La fonctionnalité que vous avez sélectionnée n'a pas pu être chargée.
instructions,,How to use this interface,Utilisation de l'interface
params_map_module_instructions,,"This module shows you conditions as actual values or as a percentage of the historic range for that day of year. Switch between actual or historic range values usng the drop-down menu, and change the parameter displayed using the 'Edit parameter' button.","Ce module vous montre les conditions soit en valeurs réelles, soit en pourcentage de la plage historique pour ce jour de l'année. Basculez entre les valeurs réelles ou de la plage historique à l'aide du menu déroulant, et changez le paramètre affiché en utilisant le bouton « Modifier le paramètre »."
view_data_instructions_discrete,instructions,"<li>(Optional) Change the drop-down menus to narrow the list of samples.</li><li>Click 'Show samples' to view them in a table.</li><li>Select the samples you need, or use the button below the table to select all, then choose 'View X sample results' to go to the download screen.</li>","<li>Sélectionnez des valeurs dans les menus déroulants pour réduire la liste d’échantillons. (Facultatif)</li><li>Cliquez sur « Afficher les échantillons » pour les visualiser dans un tableau.</li><li>Sélectionnez les échantillons dont vous avez besoin ou cliquez sur le bouton « Tout sélectionner » sous le tableau, puis sur « Afficher X échantillons » pour accéder à l’écran de téléchargement.</li>"
view_data_instructions_continuous,instructions,"<li>(Optional) Change the drop-down menus to narrow the timeseries list.</li><li>Click 'Show timeseries' to view them in a table.</li><li>Select the timeseries you need, or use the button below the table to select all, then choose 'View X timeseries details' to go to the download screen.</li>","<li>Sélectionnez des valeurs dans les menus déroulants pour réduire la liste de séries temporelles. (Facultatif)</li><li>Cliquez sur « Afficher les séries temporelles » pour les visualiser dans un tableau.</li><li>Sélectionnez les séries temporelles dont vous avez besoin ou cliquez sur le bouton « Tout sélectionner » sous le tableau, puis sur « Afficher X séries temporelles » pour accéder à l’écran de téléchargement.</li>"
dl_data,download data button,Download data,Télécharger des données
dl_num_rows,advice about number of rows selected (modal),Number of rows which will be returned:,Nombre de rangées à télécharger :
dl_num_results,,Number of results which will be returned:,Nombre de résultats à télécharger :
frequency,modal selection title,Frequency:,Résolution :
daily,modal selection,Daily (with statistics),Journalière (avec statistiques)
hourly,modal selection,Hourly + daily (with stats),Horaire + journalière (avec stats)
max,modal selection,Max + daily (with stats),Maximale + journalière (avec stats)
ts_subset_msg,modal message,Subset of data (first and last measurement per timeseries),Sous-ensemble de données (première et dernière mesures)
discrete_subset_msg,modal message,Subset of data (up to 3 results per sample),Sous-ensemble de données (jusqu'à 3 résultats par échantillon)
loc_meta_msg,modal message,Subset of location metadata (up to first three locations),Sous-ensemble des métadonnées des sites (jusqu'aux trois premiers endroits)
date_range_select_doy,,Start/end days (year is ignored),Dates de début/fin (l'année est ignorée)
date_start,continuous data selector,With data starting after,Avec des données à partir de
date_end,continuous data selector,With data ending before,Avec des données avant
dl_format,modal selection title,Choose a format,Sélectionnez un format
dl_format_no_xlsx,modal selection title,Choose a format (.xlsx not available over 1 million rows),Sélectionnez un format (.xlsx non disponible au-delà d'un million de lignes)
dl_format_xlsx,modal selection,.xlsx (Microsoft Excel workbook),.xlsx (fichier Microsoft Excel)
dl_format_csv,modal selection,.csv (multiple zipped files),.csv (multiples fichiers zippés)
dl_format_sqlite,modal selection,.sqlite (database),.sqlite (base de données)
dl_prep,notification for download,Preparing download...,Préparation du téléchargement...
no_samps_locs,notification of automatic reset,"This selection results in 0 corresponding measurements, location selector reset to its previous value.","Cette sélection ne correspond à aucune mesure, la sélection du point de surveillance a été réinitialisé à sa valeur précédente."
no_samps_sub_locs,notification of automatic reset,"This selection results in 0 corresponding measurements, sub-location selector reset to its previous value.","Cette sélection ne correspond à aucune mesure, la sélection de point de surveillance secondiare a été réinitialisé à sa valeur précédente."
no_samps_medias,notification of automatic reset,"This selection results in 0 corresponding measurements, media type selector reset to its previous value.","Cette sélection ne correspond à aucune mesure, la sélection de la matrice d'échantillonage a été réinitialisé à sa valeur précédente."
no_samps_types,notification of automatic reset,"This selection results in 0 corresponding measurements, sample type selector reset to its previous value.","Cette sélection ne correspond à aucune mesure, la sélection du type d'échantillon a été réinitialisé à sa valeur précédente."
no_ts_locs,notification of automatic reset,"This selection results in 0 corresponding timeseries, location selector reset to its previous value.","Cette sélection ne correspond à aucune série temporelle, la sélection du point de surveillance a été réinitialisé à sa valeur précédente."
no_ts_sub_locs,notification of automatic reset,"This selection results in 0 corresponding timeseries, sub-location selector reset to its previous value.","Cette sélection ne correspond à aucune série temporelle, la sélection du point de surveillance secondaire a été réinitialisé à sa valeur précédente."
no_ts_z,notification of automatic reset,"This selection results in 0 corresponding timeseries, depth/height selector reset to its previous value","Cette sélection ne correspond à aucune série temporelle, la sélection de la profondeur/hauteur a été réinitialisé à sa valeur précédente."
no_ts_medias,notification of automatic reset,"This selection results in 0 corresponding timeseries, media type selector reset to its previous value.","Cette sélection ne correspond à aucune série temporelle, la sélection de la matrice d'échantillonage a été réinitialisé à sa valeur précédente."
no_ts_agg,notification of automatic reset,"This selection results in 0 corresponding timeseries, aggregation type selector reset to its previous value.","Cette sélection ne correspond à aucune série temporelle, la sélection de type d'agrégation a été réinitialisé à sa valeur précédente."
no_ts_rate,notification of automatic reset,"This selection results in 0 corresponding timeseries, recording rate selector reset to its previous value.","Cette sélection ne correspond à aucune série temporelle, la sélection de la fréquence d'enregistrement nominale a été réinitialisé à sa valeur précédente."
continuous_subset_msg,,Subset of daily mean data (first and last result per timeseries),Sous-ensemble des moyennes journalières (premier et dernier résultat par série temporelle)
dl_additional_data,,"Tables for grades, approvals, and qualifiers will also be included as part of your download.","Des tableaux pour les qualificatifs, cotes de qualité, et niveaux d'approbations feront parti de votre téléchargement."
filter,,Filter,Filtrer
apply,,Apply,Appliquer
param_modal,button text for modal,Filter by group/sub-group,Filtrer par groupe/sous-groupe
loc_modal,button text for modal,Filter by network/project,Filtrer par réseau/projet
tooltip_reset,tooltip text for resetting filters,Filters affect each other by limiting subsequent options. Reset to clear all filters.,Les filtres s'affectent mutuellement en limitant les options suivantes. Réinitialiser pour effacer tous les filtres.
year_filter,year filter title,Temporal range,Intervalle de temps
choose_locs,location selection title,Or choose one of more locations,Ou choisissez une ou plusieurs stations
tooltip_discrete_continuous,tool tips,Continuous = recorded at regular intervals automatically; Discrete = measurements or samples at variable intervals,Continues : enregistrées automatiquement à intervalles réguliers; Discrètes : mesures ou échantillons pris à intervalles variables
tooltip_discrete,tool tips,Measurements or samples taken at variable intervals,Mesures ou échantillons pris à des intervalles variables
tooltip_continuous,tool tips,Measurements recorded at regular intervals automatically,Mesures enregistrées automatiquement à intervalles réguliers
tooltip_sample_media,tool tips,Media in which sample or measurement was collected,Lieu de la prise de la mesure ou de l’échantillon
tooltip_utc7,table tool tips,UTC-7,UTC-7
tooltip_params_map_min_yrs,,"Minimum number of years on record to show the point. Especially useful when showing historic range to avoid points with very little data.","Nombre minimum d'années de données pour afficher le point. Utile surtout lors de l'affichage de la plage historique pour éviter les points avec très peu de données".
tooltip_params_map_date_within,,"Maximum number of days from the target date to include a measurement. Use a lower threshold for parameters that change quickly (e.g., temperature).","Nombre maximum de jours à partir de la date ciblée pour inclure une mesure. Utilisez un seuil plus bas pour les paramètres qui changent rapidement (par exemple, la température)."
filters,,Filters,Filtres
reset_filters,,Reset filters,Réinitialiser les filtres
view_samples,,Show samples,Afficher les échantillons
view_timeseries,,Show timeseries,Afficher les séries temporelles
view_data,text or button,View data,Afficher les données
dl_data_discrete,,Download discrete (sample) data,Télécharger des données discrètes (échantillons)
dl_data_continuous,,Download continuous data,Télécharger des données continues
view_data1,"text, part 1",View,Afficher les détails de
view_data2_discrete,"text, part 2",sample results,échantillons
view_data2_continuous,"text, part2",timeseries details,séries temporelles
select_all,button text,Select/deselect all,Sélectionner/dé-sélectionner tout
view_plots,button text,View plots,Voir les graphiques
view_plots_discrete,,Plot discrete (sample) data,Tracer des données discrètes (échantillons)
view_plots_continuous,,Plot continuous data,Tracer des données continues
nominal_rate,,Nominal recording rate,Fréquence d'enregistrement nominale
loc_groups,,Location groups,Groupes d'endroits
select_loc_group,,Select a location group,Sélectionnez un groupe d'endroits
select_param_group,,Select a parameter group,Sélectionnez un groupe de paramètres
select_loc_group_msg,,Please select one location group.,Choisissez un groupe d'endroits.
select_param_group_msg,,Please select one parameter group.,Choisissez un groupe de paramètres.
select_standard_opt,,Select a standard to apply (optional),Choisir une norme à appliquer (facultatif)
standard_warning,,Warning: this adds a lot of time for plot generation!,Attention : cela augmente beaucoup le temps de génération du graphique!
EQWin_db,,EQWin database,Base de données EQWin
img_type_lab,input label,Image Type,Type d'image
img_type_auto,input choice,Automatic (series),Automatique (série)
img_type_man,input choice,Manual (one-off),Manuelle (non-série)
map_options,,Map options,Options de la carte
map_load_addtional_layers,,Load additional layers,Charger des couches supplémentaires
date_range_lab,input label,Date Range,Intervalle de dates
date_sep,dateRangeInput separator, to , à 
plot_type,,Plot type,Type de graphique
plot_type_tooltip,,Timeseries plots show changes over time and can display multiple traces or subplots. Overlapping years plots help compare data from different years at the same location.,Les graphiques de longues séries temporelles montrent les changements au fil du temps et peuvent afficher plusieurs tracés ou sous-graphiques. Les graphiques d’années superposées permettent de comparer les données de différentes années pour un même point de surveillance.
plot_type_overlap,,Overlapping years,Années superposées
plot_select_years,,Select years to plot,Sélectionnez les années à tracer
plot_select_yrs,,"For periods overlapping the new year, select the December year","Pour les périodes chevauchant la nouvelle année, sélectionnez l’année de décembre."
plot_long_time_to_plot,,Plotting can take a while for large time ranges at max resolution.,La génération du graphique peut prendre un certain temps pour les longs intervalles de temps à résolution maximale.
plot_resolution_lab,,Data resolution,Résolution des données
plot_resolution_max,,Maximum,Maximale
plot_resolution_hourly,,Hourly,Horaire
plot_resolution_daily,,Daily,Journalière
plot_timezone_offset,,Plot time zone (UTC offset),Fuseau horaire du graphique (décalage UTC)
plot_timezone_offset_placeholder,,Select UTC offset,Choisir le décalage UTC
plot_type_ts,,Timeseries,Série temporelle
plot_hist_range,,Plot historic range,Tracer la plage historique
plot_hist_range_select,,Historic range calculated with,Plage historique calculée avec
plot_hist_range_select_tooltip,,Choose whether the historic range should include all available years of record or only up to the last year shown on the plot.,Choisissez si la plage historique doit inclure toutes les années de données disponibles ou seulement jusqu’à la dernière année affichée sur le graphique.
plot_extra_options,,Extra options,Options supplémentaires
plot_apply_vert_datum,,Apply vertical datum,Appliquer le référentiel vertical
plot_filter,,Filter extreme values,Filtrer les valeurs extrêmes
plot_show_unusable,,Show unusable data,Afficher les données inutilisables
plot_show_grades,,Show grades,Afficher les cotes de qualité
plot_show_approvals,,Show approval levels,Afficher les niveaux d'approbations
plot_show_qualifiers,,Show qualifiers,Afficher les qualificatifs
plot_last_30,,Last 30 days,30 derniers jours
plot_all_record,,Entire record,Période entière
cont_table_intro,,Choose a timeseries from the table to plot.,Choisissez une série chronologique à représenter.
cont_table_heading,,Available timeseries,Séries chronologiques disponibles
cont_table_tooltip1,Tooltip for the table header,"Instantaneous: conditions at the moment of recording. Mean, max, etc. summarize conditions over the interval between points. (min + max)/2 is the historical meteorological mean, based on daily extremes.","Instantané : conditions au moment de l’enregistrement. Moyenne, maximum, etc. : résumé des conditions sur l’intervalle entre les points. (min + max)/2 : moyenne météorologique historique, basée sur les extrêmes quotidiens."
cont_table_tooltip2,Tooltip for the table header,"Approximate recording rate for recent data. Some time series also include older data recorded at coarser intervals.","Fréquence d’enregistrement approximative pour les données récentes ; certaines séries contiennent aussi des données plus anciennes à des intervalles plus grossiers."
cont_table_plot_heading,,Plot options,Options du graphique
metadata,,Metadata,Métadonnées
location_metadata_heading,,Location metadata,Métadonnées du site
timeseries_metadata_heading,,Timeseries metadata,Métadonnées de la série chronologique
ownership_history_heading,,Ownership history,Historique de propriété
metadata_select_prompt,,Select a timeseries to view metadata.,Sélectionnez une série chronologique pour voir les métadonnées.
attribute,,Attribute,Attribut
location_code_label,,Location code,Code du site
latitude,,Latitude,Latitude
longitude,,Longitude,Longitude
elevation_m,,Elevation (m),Altitude (m)
datum,,Datum,Référentiel
depth_height_m,,Depth/height (m),Profondeur/hauteur (m)
note,,Note,Note
media,,Media,Matrice
aggregation,,Aggregation,Agrégation
record_rate,,Record rate,Fréquence d'enregistrement
start_date,,Start date,Date de début
end_date,,End date,Date de fin
facet_on,,Split plots by,Diviser les graphiques par
facet_on_tooltip,,"Creates multiple plots, each showing one location or one parameter. The other variable appears as separate lines or points.","Crée plusieurs graphiques, chacun montrant un seul emplacement ou un seul paramètre. L’autre variable apparaît sous forme de lignes ou de points distincts."
use_log_scale,,Use logarithmic scale,Utiliser une échelle logarithmique
log_scale_warning,,Warning: points with negative values will be removed for log transformation.,Attention : les points ayant des valeurs négatives ne sont pas représentés avec l'échelle logarithmique.
share_x_axis,,Use the same X-axis bounds for all plots (dates line up),Utiliser le même axe X pour tous les graphiques (dates alignées)
share_y_axis,,Use the same Y-axis bounds for all plots (values are aligned),Utiliser le même axe Y pour tous les graphiques (valeurs alignées)
share_x_axis_tooltip,,Aligns the X-axis for all plots to make it easier to compare trends over time.,Aligne l'axe X de tous les graphiques pour faciliter la comparaison des tendances dans le temps.
share_y_axis_tooltip,,Aligns the Y-axis for all plots to make it easier to compare values across locations or parameters.,Aligne l’axe Y de tous les graphiques pour faciliter la comparaison des valeurs entre emplacements ou paramètres.
loc_code,,Choose how to display location names/codes,Choisissez comment montrer le nom/code des emplacements
name,,Name,Nom
code,,Code,Code
loc_code_nameCode,,Name (code),Nom (code)
loc_code_codeName,,Code (name),Code (nom)
target_datetime,,Use target date/time,Utiliser la date/le temps cible
target_datetime_tooltip,,"Some measurements use a set date to line up repeated readings. For example, snow surveys may be taken within a few days of the 1st of the month but are shown as if taken on the 1st.","Certaines mesures utilisent une date fixe pour aligner des relevés répétés. Par exemple, les relevés de neige peuvent être effectués quelques jours avant ou après le 1er du mois, mais sont affichés comme s’ils avaient été pris le 1er."
modify_plot_aes,,Change plot appearance,Modifier l'apparence du graphique
full_screen,,Full screen,Plein écran
language,,Language,Langue
show_x_grid,,Show X-axis gridlines,Afficher la grille de l'axe X
show_y_grid,,Show Y-axis gridlines,Afficher la grille de l'axe Y
num_rows,,Number of rows (leave blank for automatic),Nombre de lignes (laisser vide pour automatique)
colorblind_friend,,Color-blind friendly,Adapté au daltonisme
point_scale,,Point size factor,Facteur de taille des points
line_scale,,Line scale factor,Facteur de taille des lignes
modal_select_multi_not_null,,Please narrow selections to a single timeseries before adding another.,SVP sélectionner une seule sélection avant d'ajouter une nouvelle série temporelle.
modal_error_multi_trace,,"There are duplicate traces. Each trace must have a unique combination of location, sub-location, Z (height/depth), recording rate, aggregation type, parameter, and lead/lag","Des tracés en double ont été trouvés. Chaque tracé doit avoir une combinaison unique d’emplacement, de sous-emplacement, de Z (hauteur/profondeur), de fréquence d’enregistrement, de type d’agrégation, de paramètre et d’avance/retard."
first_plot_hints_standards,,"<p><strong>This plot is interactive.</strong> You can zoom or move it with the buttons at the top left, or by clicking and dragging with your mouse.</p><ul><li>Double-click a legend entry to show only that series of timeseries; double-click again to show all.</li><li>Click a legend entry once to hide or show a timeseries.</li></ul><p><strong>Symbols:</strong></p><ul><li>Values above/below the detection limit → <strong>stars</strong> (✱)</li><li>Standard/guideline values → <strong>lines</strong></li></ul>","<p><strong>Ce graphique est interactif.</strong> Vous pouvez zoomer ou le déplacer avec les boutons en haut à gauche, ou en cliquant et en faisant glisser la souris.</p><ul><li>Double-cliquez un élément de la légende pour n’afficher que cette série; double-cliquez de nouveau pour tout afficher.</li><li>Cliquez une fois sur un élément de la légende pour masquer ou afficher une série.</li></ul><p><strong>Symboles&nbsp; :</strong></p><ul><li>Valeurs au-dessus/en dessous de la limite de détection → <strong>étoiles</strong> (✱)</li><li>Valeurs de référence/normes → <strong>lignes</strong></li>"
first_plot_hints_no_standards,,"<p><strong>This plot is interactive.</strong> You can zoom or move it with the buttons at the top left, or by clicking and dragging with your mouse.</p><ul><li>Double-click a legend entry to show only that series of timeseries; double-click again to show all.</li><li>Click a legend entry once to hide or show a timeseries.</li></ul>","<p><strong>Ce graphique est interactif.</strong> Vous pouvez zoomer ou le déplacer avec les boutons en haut à gauche, ou en cliquant et en faisant glisser la souris.</p><ul><li>Double-cliquez un élément de la légende pour n’afficher que cette série; double-cliquez de nouveau pour tout afficher.</li><li>Cliquez une fois sur un élément de la légende pour masquer ou afficher une série.</li></ul>"
first_plot_hints_standards_short,,<p>Values above/below the detection limit are shown with <strong>stars</strong> (✱).<br><br>Standard/guideline values are shown with <strong>lines</strong>.</p>,<p>Les valeurs au-dessus/en dessous de la limite de détection sont affichées avec des <strong>étoiles</strong> (✱).<br><br>Les valeurs de référence/normes sont affichées avec des <strong>lignes</strong>.</p>
lead_lag,,Lead/lag in hours,Avance/retard en heures
guideline_scale,,Guideline/standard scale factor,Facteur de taille des standards
axis_scale,,Text and values scale factor,Facteur des tailles du texte et des valeurs
legend_scale,,Legend text size factor,Facteur de taille de la légende
optional_placeholder,placeholder text,Optional…,Facultatif…
mandatory_placeholder,placeholder text,Select a parameter,Sélectionnez un paramètre
map_mapType,,Map type,Type de carte
map_date_select,,Select a date,Sélectionnez une date
map_date_within,,With data within ... day(s) at most,Avec données dans un délai de … jour(s) au plus
map_date_within_selected1,,and data within,et données dans un délai de
map_date_within_selected2,,day(s) or less of target date,jour(s) ou moins de la date ciblée
render_map,,Create map,Créer la carte
map_min_yrs,minimum number of years to use historic range stats,With at least … years of record,Avec au moins … années de mesures
map_min_yrs_selected1,,with at least,avec au moins
map_min_yrs_selected2,,years of record,années de mesures
map_target_date,target date for historical range map,Target date,Date ciblée
map_actual_values,,Actual values,Valeurs actuelles
value,,Value,Valeur
map_relative,,% historic range,% plage historique
map_actual_date,,Date,Date
map_actual_yrs,,Years of record,Années de mesures
map_actual_hist_range,,Historic range,Plage historique
map_one_parameter,,One parameter,Un paramètre
map_two_parameter,,Two parameters,Deux paramètres
map_latest_measurements,,Latest measurements,Plus récentes mesures
map_latest_auto_update,,Update every 15 minutes,Actualiser toutes les 15 minutes
map_auto_update_notification,,Measurements updated,Mesures actualisées
map_latest_measurements_modal,,"<b>Note</b>: Latest measurements are compared to the <i>average</i> values for the same day in past years. Keep this in mind for parameters that change a lot during the day, like temperature.","<b>Remarque</b> : Les mesures les plus récentes sont comparées aux valeurs <i>moyennes</i> de la même journée dans les années passées. Ceci impacte surtout les paramètres qui varient beaucoup au cours d’une journée, comme la température."
map_primary_param,,Primary parameter,Paramètre primaire
map_edit_primary_param,,Edit primary parameter,Modifer paramètre primaire
map_edit_primary_param_solo,,Edit parameter,Modifier le paramètre
map_second_param,,Secondary parameter,Paramètre secondaire
map_add_second_param,,Add secondary parameter,Ajouter paramètre secondaire
map_edit_second_param,,Edit secondary parameter,Modifier paramètre secondaire
map_rm_second_param,,Remove secondary parameter,Enlever paramètre secondaire
map_edit_aes,,Edit map aesthetics,Modifier l'esthétique de la carte
gen_waterInfo_info,,"This function is intended to facilitate the reporting of hydrology data by compiling basic statistics (years of record, months of operation, min, max, etc.), trend information (Mann-Kendall direction and p-value, Sen's slope), and creating simple plots of level (for lakes) or flow for all requested locations. Please note that this isn't exactly a polished output, and is to be used strictly for informational purposes. In particular, note that very little of the data underlying the trends calculated has been cleaned or certified as correct by a human.","Cette fonction est conçue pour faciliter le rapport des données hydrologiques en compilant des statistiques de base (années de relevés, mois d’exploitation, minimum, maximum, etc.), des informations sur les tendances (direction de Mann-Kendall et valeur-p, pente de Sen) et en générant des graphiques simples du niveau (pour les lacs) ou du débit pour tous les emplacements demandés. Veuillez noter qu’il ne s’agit pas d’un résultat finalisé, mais d’un outil strictement destiné à des fins informatives. En particulier, il convient de souligner que très peu des données sous-jacentes aux tendances calculées ont été nettoyées ou certifiées comme correctes par un humain."
gen_waterInfo_param_select,,One parameter or both,Un ou deux paramètres
gen_waterInfo_param_select_one,,"One (flow where exists, else level)","Un (débit si existe, autrement niveau)"
gen_waterInfo_param_select_both,,Both (flow and level where both exist),Deux (débit et niveau lorsque existent)
gen_loc_select,,"Select one, many, or all locations","Sélectionnez un, plusieurs, ou tous les endroits"
gen_no_loc,,Select at least one location.,Sélectionnez au moins un endroit.
gen_waterInfo_end_date,,Last day to use for calculations,Dernière date à considérer pour les calculs
gen_waterInfo_min_months,,Months in which to look for minimums,Mois dans lesquels rechercher les valeurs minimum
gen_waterInfo_max_months,,Months in which to look for maximums,Mois dans lesquels rechercher les valeurs maximum
gen_waterInfo_prct_miss,,Max % missing data to retain annual value (in months of interest),Max % de données manquantes pour retenir une valeur annuelle (dans les mois d'intérêt)
gen_generate_plots,,Generate plots,Générer les graphiques
gen_waterInfo_ptype,,Min/max on single plot or separate,Min/max sur le même graphique ou séparé
gen_waterInfo_ptype_combine,,Single,même
separate,,Separate,séparés
gen_snowInfo_info,,"This function is intended to facilitate the reporting of snowpack data by compiling basic statistics (years of record, months of sampling, min, max, etc.), trend information (Mann-Kendall direction and p-value, Sen's slope), and creating simple plots of snow depth, snow water equivalent (SWE), and density for all requested locations. Please note that this isn't exactly a polished output, and is to be used strictly for informational purposes.","Cette fonction est conçue pour faciliter le rapport des données sur le manteau neigeux en compilant des statistiques de base (années de relevés, mois d’échantillonnage, minimum, maximum, etc.), des informations sur les tendances (direction de Mann-Kendall et valeur-p, pente de Sen) et en générant des graphiques simples de la profondeur de neige, de l’équivalent en eau de neige (EEN) et de la densité pour tous les emplacements demandés. Veuillez noter qu’il ne s’agit pas d’un résultat finalisé, mais d’un outil strictement destiné à des fins informatives."
gen_snowInfo_inactive,,Include inactive locations,Inclure les emplacements inactifs
gen_snowInfo_complete,,Complete years only,Années complètes seulement
gen_snowInfo_ptype,,Combined or separate plots,Graphiques séparés ou combinés
gen_snowInfo_ptype_combine,,Combined,combinés
gen_snowBul_info,,"This function allows you to create Excel workbooks with the statistics used in creating the Snow Bulletin, or to create the entire Snow Bulletin Word document.","Cette fonction vous permet de créer des documents Excel qui contiennent les statistics utilisées lors de la création du bulletin de conditions de neige, ou de créer le bulletin de neige en document Word."
gen_snowBul_toggle_stats,,Statistics,Statistiques
gen_snowBul_toggle_bulletin,,Bulletin,Bulletin
gen_snowBul_year,,Year,Année
month,,Month,Mois
gen_snowBul_basins,,Basins,Basins versants
gen_snowBul_lang,,Bulletin language,Langue du bulletin
gen_snowBul_precip_period,,Period of record for precip stats,Période à utiliser pour les statistiques de précipitation
gen_snowBul_cddf_period,,Period of record for CDDF stats,Période à utiliser pour les statistiques de DJGC
gen_snowBul_period1,,Last 40 years,40 dernières années
all_yrs_record,,All years of record,Toutes les années disponibles
last_yr_only,,Up to last plotted year,Jusqu'à la dernière année tracée
gen_snowBul_period3,,1981-2010,1981-2010
gen_snowBul_period4,,1991-2020,1991-2020
gen_snowBul_scale,,Plot scale,Échelle des graphiques
gen_snowBul_error_stats,,Error generating snow bulletin stats Excel tables,Échec lors de la création des tableaux de statistiques
gen_snowBul_error_report,,Error generating snow bulletin Word document,Échec lors de la création du rapport Word
add_trace,,Add trace,Ajouter un tracé
modify_trace,,Modify trace,Modifier le tracé
remove_trace,,Remove trace,Enlever le tracé
add_subplot,,Add subplot,Ajouter un sous-graphe
modify_subplot,,Modify subplot,Modifier le sous-graphe
remove_subplot,,Remove subplot,Enlever le sous-graphe
add_subplot_trace_tooltip,,"Click 'Add trace' to overlay a new timeseries on the same plot, or 'Add subplot' to create a separate panel.","Cliquez sur « Ajouter un tracé » pour superposer une nouvelle série temporelle sur le même graphique, ou sur « Ajouter un sous-graphe » pour créer un panneau séparé."
well_purpose,,Well purpose,Usage des puits
well_completion_yr,,Well completion year,Année d'achèvement des puits
include_unknown_well_completion,,Include wells with unknown completion year,Inclure les puits ou l'année d'achèvement est inconnue
include_missing_well_depth,,Include wells with missing depth,Inclure les puits où la profondeur est manquante
include_missing_well_depth_to_water,,Include wells with missing depth to water,Inclure les puits où la profondeur
include_missing_well_depth_to_bedrock,,Include wells with missing depth to bedrock,Inclure les puits où la profondeur jusqu'au substratum rocheux est manquante
borehole_unnamed,,Unnamed well,Puits sans nom
borehole_well_purpose_col,,purpose_name,purpose_name_fr
licence_title,,Using data from this application,Utilisation des données de l'application
licence1,,"The data, reports, and plots generated from this application are licenced under the Government of Yukon's ","Les données, rapports et graphiques générés par cette application sont régis par la "
licence2,,Open Government Licence,licence ouverte du gouvernement du Yukon
licence_url,,https://yukon.ca/en/your-government/open-government/open-government-licence-yukon,https://yukon.ca/fr/votre-gouvernement/gouvernement-ouvert/gouvernement-ouvert-licence-du-yukon
licence3,,"Please note that some datasets provided through this application are sourced from external organizations (e.g., the Water Survey of Canada). Such data may be subject to their own licensing terms, which apply in addition to the Government of Yukon licence. Users are responsible for reviewing and complying with any applicable third-party licences.","Veuillez noter que certains jeux de données consultables à partir de l’application proviennent de sources externes (ex. Relevés hydrologiques du Canada). Par conséquent, ces données peuvent être assujetties à d’autres conditions, qui s’appliquent en plus de celles prévues par la licence du gouvernement du Yukon. Il incombe à l’utilisateur de prendre connaissance des licences de tiers applicables et de s’y conformer."
about_title2,title,About this application,À propos de l'application
about_fun_facts_title,title,Fun facts,Quelques faits amusants
about_fun_fact_timeseries,content,"We host %s timeseries with about %s measurements.","Nous hébergeons %s séries temporelles avec environ %s mesures."
about_fun_fact_samples,content,"We have %s samples with about %s associated results.","Nous avons %s échantillons avec environ %s résultats associés."
about_fun_fact_wells,content,"The Water Well Registry includes %s water wells.","Le registre des puits d'eau comprend %s puits d'eau."
about_content2,content,"This web site was built using R Shiny, allowing us to take advantage of the R programming language's strengths in data handling and visualization. The application code is packaged with many other useful functions beyond those shown here, and is publicly viewable at ","Le site Web a été créé avec R Shiny, ce qui nous permet de tirer parti des points forts du langage de programmation R pour le traitement et la visualisation des données. Le progiciel qui contient le code de l’application regroupe de nombreuses autres fonctions utiles, au-delà de celles présentées ici. Il est accessible publiquement au "
about_content3,content,"The data is stored in a database that is maintained and updated mostly through automated workflows, powered by another R package available at ","Les données sont stockées dans une base maintenue et mise à jour principalement par des flux de travail automatisés, propulsés par un autre progiciel R, disponible au "
about_content4,content," This database contains continuous (timeseries) data, water chemistry data, spatial data, various types of metadata, and more, helping us paint a complete picture of water and climate conditions across Yukon in real time.","Cette base de données contient, entre autres, des données continues (séries temporelles), des données de chimie de l’eau, des données spatiales et divers types de métadonnées qui nous aident à brosser en temps réel un portrait complet des conditions hydrologiques et climatiques au Yukon."
about_content5,content,"We welcome collaborations with academic institutions and other government partners. Both R packages are licensed under AGPLv3, so that others can use and adapt these tools while ensuring that improvements remain available to the public.","Nous accueillons avec plaisir les collaborations avec des établissements universitaires et d’autres partenaires gouvernementaux. Les deux progiciels R sont distribués sous licence AGPLv3, ce qui permet à d’autres de les utiliser et de les adapter tout en veillant à ce que les améliorations demeurent accessibles au public."
about_url_ygwater,url,https://github.com/YukonWRB/YGwater,https://github.com/YukonWRB/YGwater
about_url_aquacache,url,https://github.com/YukonWRB/AquaCache,https://github.com/YukonWRB/AquaCache
current_software,,Current software and database status:,État actuel du logiciel et de la base de données
app_version1,,Application version,Application version
app_version2,,connected to AquaCache database revision ,connectée à la base de données AquaCache révision
app_version3,,revision,révision
data_type,direct translation,Data Type,Types de données
data_format,direct translation,Data Format,Format des données
unknown,,Unknown,Inconnu
cluster_points_label,,Cluster points,Regrouper les points
location_type_legend,,Location type,Type d’emplacement
loc,direct translation,Location,Emplacement
locs,,Locations,Point de surveillance
loc(s),,Location(s),Points de surveillance
select_locs,,Select locations,Sélectionnez des points de surveillance
pl_select_loc,,Please select a location.,SVP sélectionner un point de surveillance
pl_select_param,,Please select a parameter,SVP sélectionner un paramètre
sub_loc,,Sub-location,Point secondaire
sub_loc(s),,Sub-location(s),Points secondaires
z,,Depth/height (meters),Profondeur/hauteur (mètres)
continuous,direct translation,Continuous,Continues
discrete,direct translation,Discrete,Discrètes
type,direct translation,Type,Type
media_type,,Sample media,Matrice de l'échantillon
media_type(s),direct translation,Sample media(s),Matrices des échantillons
sample_type(s),,Sample type(s),Type d'échantillon
aggregation_type,,Aggregation type,Type d'agrégation des mesures
aggregation_type(s),,Aggregation type(s),Type d'agrégation des mesures
param_group,direct translation,Parameter group,Groupe de paramètres
param_groups,direct translation,Parameter groups,Groupes de paramètres
param_sub_group,direct translation,Parameter sub-group,Sous-groupe de paramètres
param_sub_groups,direct translation,Parameter sub-groups,Sous-groupes de paramètres
group,direct translation,Group,Groupe
parameter,direct translation,Parameter,Paramètre
parameters,direct translation,Parameters,Paramètres
parameter(s),direct translation,Parameter(s),Paramètre(s)
select_params,,Select parameters,Sélectionnez des paramètres
project,direct translation,Project,Projet
projects,direct translation,Projects,Projets
project(s),direct translation,Project(s),Projet(s)
select_project,,Select project(s),Sélectionnez un/des projets
network,direct translation,Network,Réseau
networks,direct translation,Networks,Réseaux
network(s),direct translation,Network(s),Réseau(x)
select_network,,Select network(s),Sélectionnez un/des réseaux
units,direct translation,Units,Unités
period,direct translation,Period,Période
category,direct translation,Category,Catégorie
measurement_type,,Measurement type (frequency),Type de mesure (fréquence)
reset,direct translation,Reset,Réinitialiser
reset_view,,Reset view,Réinitialiser la vue
refresh_images,,Refresh images,Rafraîchir les images
all,direct translation,All,Toutes
all_f,,All,Toutes
all_m,,All,Tous
all_locs,,All locations,Tous les endroits
from,direct translation,from,de
to,direct translations,to,à
from_utc_offset,direct translation,From (UTC-7),De (UTC-7)
to_utc_offset,direct translations,To (UTC-7),À (UTC-7)
start,direct translation,Start,Début
end,direct translations,End,Fin
start_utc_offset,direct translation,Start (UTC-7),Début (UTC-7)
end_utc_offset,direct translations,End (UTC-7),Fin (UTC-7)
datetime,direct translation,Date/Time,Date/temps
datetime_utc_offset,direct translation,Date/Time (UTC-7),Date/temps (UTC-7)
time_of_day_utc7,direct translation,Time of day (UTC-7),Temps de la journée (UTC-7)
settings,direct translation,Settings,Paramètres
save,,Save,Enregistrer
create_report,,Create report,Créer le rapport
close,modal actionButton text,Close,Fermer
cancel,,Cancel,Annuler
create_plot,,Create plot,Créer le graphique
processing,,Processing…,Traitement en cours…
jan,,January,janvier
feb,,February,février
mar,,March,mars
apr,,April,avril
may,,May,mai
jun,,June,juin
jul,,July,juillet
aug,,August,aout
sep,,September,septembre
oct,,October,octobre
nov,,November,novembre
dec,,December,décembre
generating_working,,Working…,Travail en cours…
english,,English,Anglais
francais,,French,Français
tbl_info,DT internationalization, _TOTAL_ records total,_TOTAL_ éléments au total
tbl_info_empty,DT internationalization,No records to show!,Rien à voir ici!
tbl_prev,DT internationalization,Previous,Précédent
tbl_next,DT internationalization,Next,Prochain
tbl_search,DT internationalization,Search:,Recherche
tbl_length,DT internationalization,Show _MENU_ records,Montrer _MENU_ éléments
tbl_filtered,DT internationalization,(filtered from _MAX_ records),(filtrées de _MAX_ éléments)
tbl_zero,DT internationalization,No matching records found,Aucunes données existantes
param_name_col,DB column selection ,param_name,param_name_fr
media_type_col,DB column selection ,media_type,media_type_fr
param_group_col,DB column selection ,group_name,group_name_fr
param_sub_group_col,DB column selection ,sub_group_name,sub_group_name_fr
generic_name_col,DB column selection,name,name_fr
sample_type_col,,sample_type,sample_type_fr
sub_location_col,,sub_location_name,sub_location_name_fr
aggregation_type_col,,aggregation_type,aggregation_type_fr
changepwd_nav,nav panel title,Change password,Changer le mot de passe
current_pw,label,Current password,Mot de passe actuel
new_pw,label,New password,Nouveau mot de passe
confirm_pw,label,Confirm new password,Confirmer le nouveau mot de passe
pw_change_btn,button text,Change password,Modifier le mot de passe
pw_change_success,modal text,Password updated successfully.,Mot de passe mis à jour avec succès.
pw_change_fail_match,modal text,New passwords do not match.,Les nouveaux mots de passe ne correspondent pas.
pw_change_fail_current,modal text,Current password incorrect.,Mot de passe actuel incorrect.
pw_change_title,modal title,Change password,Changer le mot de passe
snowbull_relative_median,,Percent of median (%),Pourcentage de la médiane historique (%)
snowbull_historical_median,,Historical median,Médiane historique
snowbull_anomalies,,Anomalies,Anomalies
snowbull_swe,,Snow water equivalent (mm),Équivalent en eau de neige (mm)
snowbull_percentile,,Percentile (%),Percentile (%)
snowbull_values,,Values,Valeurs
snowbull_details,,Map details,Détails de la carte
app_version,,Current application version:,Version actuelle de l'application :
snowbull_gen_on,,Map generated on,Carte générée le
snowbull_disclaimer,,<i>Disclaimer:</i> Basin average estimates may differ slightly from archived bulletins.,<i>Avertissement :</i> Les estimations moyennes par bassin peuvent différer légèrement des bulletins archivés.
snowbull_map_credits,,Basemap:</b> Esri World Imagery,Crédits de la carte de base :</b> Imagerie mondiale Esri
snowbull_data_credits,,Data source:</b> AquaCache database,Source des données :</b> Base de données AquaCache
snowbull_date,,Snow Bulletin Date,Date du bulletin de neige
snowbull_historical_period,,Historical period for statistics,Période historique pour les statistiques
snowbull_no_snow,,No snow (no record),Pas de neige (aucun enregistrement historique)
snowbull_some_snow,,"Snow present (no record)","Neige présente (aucun enregistrement historique)"
snowbull_percentile_suffix,,th,ème
snowbull_snow_survey,,Snow survey,Relevé nivométrique
snowbull_snow_pillow,,Snow pillow,Coussin à neige
snowbull_swe_basin,,Basin average SWE,EEN moyen du bassin
snowbull_communities,,Communities,Communautés
snowbull_roads,,Roads,Routes
snowbull_symbols,,Symbols,Symboles
snowbull_generate_plot,,Generate plot,Générer le graphique
snowbull_mean_elevation,,Mean elevation,Altitude moyenne
elevation,,Elevation,Altitude
coordinates,,Coordinates,Coordonnées
isocontours,,Isocontours,Isocontours
snowbull_raster,,Gridded Snow Water Equivalent (SWE), Équivalent en eau de neige (EEN) en grille
snowbull_raster_disclaimer,, <i>Disclaimer:</i> The gridded SWE layer is created from ERA5 reanalysis data and may differ point measurements.,<i>Avertissement :</i> La couche EEN en grille est créée à partir des données de réanalyse ERA5 et peut différer des mesures ponctuelles.
