id,description,English,Fran√ßais
titleCase,Sets language to use in titleCase function,en,fr
title,the page/website title,Yukon Water Data Explorer,Explorateur des donn√©es sur l‚Äôeau du Yukon
Nav menu titles,,,
home,homeNavTitle,Home,Accueil
maps,mapsNavMenuTitle,Maps,Cartes
maps_locs,mapsNavLocsTitle,Monitoring locations,Emplacements de surveillance
maps_params,mapsNavParamsTitle,Current/past conditions,Conditions pr√©sentes/historiques
maps_raster,mapsNavRastersTitle,Rasters,Rasters
maps_snowbull,mapsNavSnowbullTitle,Snow bulletin,Bulletin nivom√©trique
plots,plotsNavMenuTitle,Plots ,Graphiques
plots_discrete,plotsNavDiscTitle,Discrete,Discr√®tes
plots_continuous,plotsNavContTitle,Continuous,Continues
plots_continuous_table,plotsNavContTableTitle,Continuous (table),Continues (tableau)
plots_mix,plotsNavMixTitle,Mixed data,Donn√©es mixtes
reports,reportsNavMenuTitle,Reports,Rapports
reports_snow,reportsNavSnowstatsTitle,Snowpack statistics,Statistiques nivom√©triques
reports_water,reportsNavWaterTitle,Water level/flow statistics,Statistiques de niveau/d√©bit d'eau
reports_wq,reportsNavWQTitle,Water quality report,Rapport de qualit√©e de l'eau
reports_snowbull,reportsNavSnowbullTitle,Snow bulletin and stats,Bulletin nivom√©trique et statistiques
data,dataNavMenuTitle,Data,Donn√©es
data_discrete,dataNavDiscTitle,Discrete,Discr√®tes
data_continuous,dataNavContTitle,Continuous,Continues
images,imagesNavMenuTitle,Images,Images
images_table,imagesNavTableTitle,Table selection,S√©lection par tableau
images_map,imagesNavMapTitle,Map selection,S√©lection par carte
info,infoNavMenuTitle,Info,Info
info_about,infoNavAboutTitle,About,√Ä propos
info_news,infoNavNewsTitle,News,Nouvelles
fod_comments,FODNavTitle,Forecaster comments,Commentaires pr√©visionniste
Home module,,,
betaTitle,beta version warning,üöß Notice: this web site is under construction üöß,üöß Avis: ce site web est en √©tat de construction. üöß
betaText,beta version warning,"<br>We're testing this site with the public and will launch soon! Use the thumbs up or down at the bottom of any page to share feedback. This will track which page you're on, but please add a descriptive comment before submitting.<br><br>We will keep improving the site during this time, including adding missing translations, updating the interface, and fixing bugs.","<br>Nous sommes d√©sormais en phase de tests externes - le d√©veloppement est presque termin√©! Vous trouverez une interface pour nous faire part de vos retours en bas de chaque page. <br><br>Certains √©l√©ments de l‚Äôapplication continueront d‚Äô√™tre am√©lior√©s pendant cette phase de test, notamment les traductions manquantes en fran√ßais, l'am√©liorations de l‚Äôinterface utilisateur, ainsi que la r√©paration de 'bugs'."
homeTitle,Home page welcome message heading,Welcome to the Yukon Water Data Explorer,Bienvenue √† l'explorateur de donn√©es sur l'eau du Yukon
homeText,Home page welcome message,"This application hosts real-time and historic water and climate data for the Yukon and surrounding regions gathered by the Government of Yukon and partners. You'll find data related to water quality (temperature, chemistry) and quantity (level/flow) along with snowpack measurements, precipitation, temperature data - and more.","Cette application met √† disposition des donn√©es hydrologiques et climatiques, en temps r√©el et historiques, pour le Yukon et les r√©gions environnantes. Ces donn√©es sont recueillies par le gouvernement du Yukon et ses partenaires. Vous y trouverez notamment des renseignements sur la qualit√© de l‚Äôeau (temp√©rature, composition chimique) et la quantit√© d‚Äôeau (niveaux, d√©bits), ainsi que sur l‚Äôenneigement, les pr√©cipitations, la temp√©rature ‚Äî et davantage encore."
home_discrete_continuous_title,Explainer for discrete vs continuous,How we organize our data,Au sujet de l'organisation de nos donn√©es
home_discrete_continuous,Explainer for discrete vs continuous,"We sort data as <b>discrete</b> or <b>continuous</b>. This depends on:<ul><li>measurement frequency</li><li>how the measurement was made</li><li>other relevant metadata</li></ul><br><b>What is discrete data?</b><br> Discrete data are snapshot observations collected manually (e.g. snow depth) or by laboratory analysis. This data must have a description of how it was acquired, the analysis method, etc.<br><br><b>What is continuous data?</b><br>Continuous data is collected at regular, frequent intervals (e.g. hourly), mostly using automated instruments. Metadata include the instrument type and recording conditions.<br><br>","Nous classifions les donn√©es en <b>discr√®tes</b> ou <b>continues</b>. Cette classification d√©pend de :</div><li>la fr√©quence des mesures</li><li>la m√©thode de mesure</li><li>autres m√©tadonn√©es pertinentes</li></ul><br><b>Qu‚Äôest-ce que les donn√©es discr√®tes ?</b><br>Les donn√©es discr√®tes sont des observations ponctuelles recueillies manuellement (p. ex. profondeur de neige) ou par analyse en laboratoire. Ces donn√©es doivent comporter une description de leur acquisition, de la m√©thode d‚Äôanalyse, etc.<br><br><b>Qu‚Äôest-ce que les donn√©es continues ?</b><br>Les donn√©es continues sont collect√©es √† intervalles r√©guliers et fr√©quents (p. ex. horaire), principalement √† l‚Äôaide d‚Äôinstruments automatis√©s. Les m√©tadonn√©es incluent le type d‚Äôinstrument et les conditions d‚Äôenregistrement.</li>"
home_map_locs_btn,button text,See a map of available data,Voir une carte des donn√©es disponibles
home_map_params_btn,button text,See a map of current or past conditions,Voir une carte des conditions actuelles ou pass√©es
feedback_text,thumbs up down button text,Was this page helpful?,Avez-vous trouv√© cette page utile?
feedback_submit,submit button text,Send feedback,Envoyer vos commentaires
feedback_placeholder_up,placeholder text,Optional: how did this page help you?,Facultatif: en quoi cette page vous a-t-elle √©t√© utile?
feedback_placeholder_down,placeholder text,Optional: how can we improve this page?,Facultatif: comment peut-on am√©liorer cette page?
Login pop-up,,,
login_txt,Body text for pop-up,Log in to add/modify data and administer assets.,Connectez vous pour ajouter/modifier des donn√©es.
un,username,Username,Nom d'utilisateur
pwd,password,Password,Mot de passe
login_success,modal title,Login successful,Connect√©
login_success_msg,modal text,You are now logged in as,Vous √™tes maintenant connect√© comme
login_fail,modal title,Login failed,Connexion √©chou√©e
login_fail_msg,modal text,Wrong username or password.,Nom d'utilisateur ou mot de passe incorrect.
login_fail_missing,modal text,Please enter both a username and password.,Entrez un nom d'utilisateur et un mot de passe.
login_fail_attempts,modal text,Too many login attempts. Please try again later.,Trop d'essais. R√©essayez plus tard.
login_confirm,modal actionButton text,Log in,Se connecter
login,button text,Login,Connexion
logout,button text,Logout,D√©connexion
error,,Error,Erreur
errorModalTitle,pop-up error message title,Our apologies!,D√©sol√©!
errorModalMsg,pop-up error message body,The feature you selected could not be loaded.,La fonctionnalit√© que vous avez s√©lectionn√©e n'a pas pu √™tre charg√©e.
Data view module,,,
instructions,,How to use this interface,Comment utiliser cette interface
view_data_instructions_discrete,instructions,"<li>(Optional) Change the drop-down menus to narrow the list of samples.</li><li>Click 'Show samples' to view them in a table.</li><li>Select the samples you need, or use the button below the table to select all, then choose 'View X sample results' to go to the download screen.</li>","<li>(Facultatif) Changez les menus d√©roulants pour r√©duire la liste d‚Äô√©chantillons.</li><li>Cliquez sur ¬´ Afficher les √©chantillons ¬ª pour les voir dans un tableau.</li><li>S√©lectionnez les √©chantillons voulus ou utilisez le bouton sous le tableau pour tout s√©lectionner, puis choisissez ¬´ Voir les d√©tails de X √©chantillons ¬ª pour aller √† l‚Äô√©cran de t√©l√©chargement.</li>"
view_data_instructions_continuous,instructions,"<li>(Optional) Change the drop-down menus to narrow the timeseries list.</li><li>Click 'Show timeseries' to view them in a table.</li><li>Select the timeseries you need, or use the button below the table to select all, then choose 'View X timeseries details' to go to the download screen.</li>","<li>(Facultatif) Changez les menus d√©roulants pour r√©duire la liste de s√©ries temporelles.</li><li>Cliquez sur ¬´ Afficher les s√©ries temporelles ¬ª pour les voir dans un tableau.</li><li>S√©lectionnez les s√©ries voulues ou utilisez le bouton sous le tableau pour tout s√©lectionner, puis choisissez ¬´ Voir les d√©tails de X s√©ries temporelles ¬ª pour aller √† l‚Äô√©cran de t√©l√©chargement.</li>"
dl_data,download data button,Download data,T√©l√©charger les donn√©es
dl_num_rows,advice about number of rows selected (modal),Number of rows which will be returned:,Nombre de rang√©es √† t√©l√©charger:
dl_num_results,,Number of results which will be returned:,Nombre de r√©sultats √† t√©l√©charger:
frequency,modal selection title,Frequency:,R√©solution:
daily,modal selection,Daily (with statistics),Journali√®re (avec statistiques)
hourly,modal selection,Hourly + daily (with stats),Horaire + journali√®re (avec stats)
max,modal selection,Max + daily (with stats),Maximum + journali√®re (avec stats)
ts_subset_msg,modal message,Subset of data (first and last measurement per timeseries),Sous-ensemble de donn√©es (premi√®re et derni√®re mesures)
discrete_subset_msg,modal message,Subset of data (up to 3 results per sample),Sous-ensemble de donn√©es (jusqu'√† 3 r√©sultats par √©chantillon)
loc_meta_msg,modal message,Subset of location metadata (up to first three locations),Sous-ensemble des m√©tadonn√©es des sites (jusqu'aux trois premiers endroits)
date_range_select_doy,,Start/end days (year is ignored),Dates de d√©but/fin (l'ann√©e est ignor√©e)
date_start,continuous data selector,With data starting after,Avec des donn√©es √† partir de
date_end,continuous data selector,With data ending before,Avec des donn√©es avant
dl_format,modal selection title,Choose a format,S√©lectionnez un format
dl_format_no_xlsx,modal selection title,Choose a format (.xlsx not available over 1 million rows),S√©lectionnez un format (.xlsx non disponible au-del√† d'un million de lignes)
dl_format_xlsx,modal selection,.xlsx (Microsoft Excel workbook),.xlsx (fichier Microsoft Excel)
dl_format_csv,modal selection,.csv (multiple zipped files),.csv (multiples fichiers zipp√©s)
dl_format_sqlite,modal selection,.sqlite (database),.sqlite (base de donn√©es)
dl_prep,notification for download,Preparing download...,Pr√©paration du t√©l√©chargement...
no_samps_locs,notification of automatic reset,"This selection results in 0 corresponding measurements, location selector reset to its previous value.","Cette s√©lection ne correspond √† aucune mesure, la s√©lection pour l'endroit a √©t√© r√©initialis√© √† sa valeur pr√©c√©dente."
no_samps_sub_locs,notification of automatic reset,"This selection results in 0 corresponding measurements, sub-location selector reset to its previous value.","Cette s√©lection ne correspond √† aucune mesure, la s√©lection de sous-endroit a √©t√© r√©initialis√© √† sa valeur pr√©c√©dente."
no_samps_medias,notification of automatic reset,"This selection results in 0 corresponding measurements, media type selector reset to its previous value.","Cette s√©lection ne correspond √† aucune mesure, la s√©lection de type de m√©dia a √©t√© r√©initialis√© √† sa valeur pr√©c√©dente."
no_samps_types,notification of automatic reset,"This selection results in 0 corresponding measurements, sample type selector reset to its previous value.","Cette s√©lection ne correspond √† aucune mesure, la s√©lection de type d'√©chantillon a √©t√© r√©initialis√© √† sa valeur pr√©c√©dente."
no_ts_locs,notification of automatic reset,"This selection results in 0 corresponding timeseries, location selector reset to its previous value.","Cette s√©lection ne correspond √† aucune s√©rie temporelle, la s√©lection pour l'endroit a √©t√© r√©initialis√© √† sa valeur pr√©c√©dente."
no_ts_sub_locs,notification of automatic reset,"This selection results in 0 corresponding timeseries, sub-location selector reset to its previous value.","Cette s√©lection ne correspond √† aucune s√©rie temporelle, la s√©lection de sous-endroit a √©t√© r√©initialis√© √† sa valeur pr√©c√©dente."
no_ts_z,notification of automatic reset,"This selection results in 0 corresponding timeseries, depth/height selector reset to its previous value","Cette s√©lection ne correspond √† aucune s√©rie temporelle, la s√©lection de la profondeur/hauteur a √©t√© r√©initialis√© √† sa valeur pr√©c√©dente."
no_ts_medias,notification of automatic reset,"This selection results in 0 corresponding timeseries, media type selector reset to its previous value.","Cette s√©lection ne correspond √† aucune s√©rie temporelle, la s√©lection de type de m√©dia a √©t√© r√©initialis√© √† sa valeur pr√©c√©dente."
no_ts_agg,notification of automatic reset,"This selection results in 0 corresponding timeseries, aggregation type selector reset to its previous value.","Cette s√©lection ne correspond √† aucune s√©rie temporelle, la s√©lection de type d'aggr√©gation a √©t√© r√©initialis√© √† sa valeur pr√©c√©dente."
no_ts_rate,notification of automatic reset,"This selection results in 0 corresponding timeseries, recording rate selector reset to its previous value.","Cette s√©lection ne correspond √† aucune s√©rie temporelle, la s√©lection du rythme d'enregistrement a √©t√© r√©initialis√© √† sa valeur pr√©c√©dente."
continuous_subset_msg,,Subset of daily mean data (first and last result per timeseries),Sous-ensemble des moyennes journali√®res (premier et dernier r√©sultat par s√©rie temporelle)
dl_additional_data,,"Tables for grades, approvals, and qualifiers will also be included as part of your download.","Des tableaux pour les qualificatifs, cotes, et niveaux d'approbations feront parti de votre t√©l√©chargement."
Map/data/plot module common,,,
filter,,Filter,Filtrer
apply,,Apply,Appliquer
param_modal,button text for modal,Filter by group/sub-group,Filtrer par groupe/sous-groupe
loc_modal,button text for modal,Filter by network/project,Filtrer par r√©seau/projet
tooltip_reset,tooltip text for resetting filters,Filters affect each other by limiting subsequent options. Reset to clear all filters.,Les filtres s'affectent mutuellement en limitant les options suivantes. R√©initialiser pour effacer tous les filtres.
year_filter,year filter title,With data between‚Ä¶,Avec des donn√©es entre...
choose_locs,location selection title,Or choose one of more locations,Ou choisissez une ou plusieures stations
tooltip1,table tool tips,Continuous = recorded at regular intervals automatically; Discrete = measurements or sample acquisition at variable time intervals.,Continues = enregistr√© √† intervalles r√©guliers automatiquement ; Discr√®tes = mesures ou acquisition d'√©chantillons √† intervalles de temps variables.
tooltip2,table tool tips,UTC-7,UTC-7
filters,,Filters,Filtres
reset_filters,,Reset filters,R√©initialiser les filtres
view_samples,,Show samples,Voir les √©chantillons
view_timeseries,,Show timeseries,Voir les s√©ries temporelles
view_data,text or button,View data,Voir les donn√©es
dl_data_discrete,,Download discrete (sample) data,T√©l√©charger les donn√©es discr√®tes
dl_data_continuous,,Download continuous data,T√©l√©charger les donn√©es continues
view_data1,"text, part 1",View,Voir les d√©tails de
view_data2_discrete,"text, part 2",sample results,√©chantillons
view_data2_continuous,"text, part2",timeseries details,s√©ries temporelles
select_all,button text,Select/deselect all,S√©lectionner/d√©-s√©lectionner tout
view_plots,button text,View plots,Voir les graphiques
view_plots_discrete,,Plot discrete (sample) data,Tracer les donn√©es discr√®tes
view_plots_continuous,,Plot continuous data,Tracer les donn√©es continues
nominal_rate,,Nominal recording rate,Rythme d'enregistrement nominal
loc_groups,,Location groups,Groupes d'endroits
select_loc_group,,Select a location group,S√©lectionnez un groupe d'endroits
select_param_group,,Select a parameter group,S√©lectionnez un groupe de param√®tres
select_loc_group_msg,,Please select one location group.,Choisissez un groupe d'endroits.
select_param_group_msg,,Please select one parameter group.,Choisissez un groupe de param√®tres.
select_standard_opt,,Select a standard to apply (optional),Choisir une norme √† appliquer (facultatif)
standard_warning,,Warning: this adds a lot of time for plot generation!,Attention: cela augmente beaucoup le temps de g√©n√©ration du graphique!
EQWin_db,,EQWin database,Base de donn√©es EQWin
Image view module,,,
img_type_lab,input label,Image Type,Type d'image
img_type_auto,input choice,Automatic (series),Automatique (s√©rie)
img_type_man,input choice,Manual (one-off),Manuelle (non-s√©rie)
date_range_lab,input label,Date Range,Plage temporelle
date_sep,dateRangeInput separator, to , √† 
Visualize/plot module,,,
plot_type,,Plot type,Type de graphique
plot_type_tooltip,,Timeseries plots show changes over time and can display multiple traces or subplots. Overlapping years plots help compare data from different years at the same location.,Les graphiques de longues s√©ries temporelles montrent les changements au fil du temps et peuvent afficher plusieurs trac√©s ou sous-graphiques. Les graphiques d‚Äôann√©es superpos√©es permettent de comparer les donn√©es de diff√©rentes ann√©es pour un m√™me emplacement.
plot_type_overlap,,Overlapping years,Ann√©es superpos√©es
plot_select_years,,Select years to plot,S√©lectionez les ann√©es √† tracer
plot_select_yrs,,"For periods overlapping the new year, select the December year","Pour les p√©riodes chevauchant la nouvelle ann√©e, s√©lectionnez l‚Äôann√©e de d√©cembre."
plot_type_ts,,Timeseries,S√©rie temporelle
plot_hist_range,,Plot historic range?,Tracer la plage historique
plot_hist_range_select,,Historic range calculated with,Plage historique calcul√©e avec
plot_hist_range_select_tooltip,,Choose whether the historic range should include all available years of record or only up to the last year shown on the plot.,Choisissez si la plage historique doit inclure toutes les ann√©es de donn√©es disponibles ou seulement jusqu‚Äô√† la derni√®re ann√©e affich√©e sur le graphique.
plot_extra_options,,Extra options,Options suppl√©mentaires
plot_apply_vert_datum,,Apply vertical datum?,Appliquer le r√©f√©rentiel vertical?
plot_filter,,Filter extreme values?,Filtrer les valeures extr√™mes?
plot_show_unusable,,Show unusable data?,Montrer les donn√©es inutilisables?
plot_show_grades,,Show grades?,Montrer les cotes?
plot_show_approvals,,Show approval levels?,Montrer les niveaux d'approbations?
plot_show_qualifiers,,Show qualifiers?,Montrer les qualificatifs?
cont_table_intro,,Choose a timeseries from the table to plot.,Choisissez une s√©rie chronologique √† repr√©senter.
cont_table_heading,,Available timeseries,S√©ries chronologiques disponibles
cont_table_plot_heading,,Plot,Graphique
cont_table_col_location,,Location,Emplacement
cont_table_col_sub_location,,Sub-location,Sous-emplacement
cont_table_col_parameter,,Parameter,Param√®tre
cont_table_col_media,,Media,M√©dia
cont_table_col_aggregation,,Aggregation,Agr√©gation
cont_table_col_record_rate,,Record rate,Fr√©quence d'enregistrement
cont_table_col_start_date,,Start date,Date de d√©but
cont_table_col_end_date,,End date,Date de fin
facet_on,,Split plots by,Diviser les graphiques par
facet_on_tooltip,,"Creates multiple plots, each showing one location or one parameter. The other variable appears as separate lines or points.","Cr√©e plusieurs graphiques, chacun montrant un seul emplacement ou un seul param√®tre. L‚Äôautre variable appara√Æt sous forme de lignes ou de points distincts."
use_log_scale,,Use logarithmic scale,Utiliser une √©chelle logarithmique
log_scale_warning,,Warning: points with negative values will be removed for log transformation.,Attention: les points ayant des valeurs n√©gatives ne sont pas repr√©sent√©s avec l'√©chelle logarithmique.
share_x_axis,,Use the same X-axis bounds for all plots (dates line up),Utiliser le m√™me axe X pour tous les graphiques (dates align√©es)
share_y_axis,,Use the same Y-axis bounds for all plots (values are aligned),Utiliser le m√™me axe Y pour tous les graphiques (valeurs align√©es)
share_x_axis_tooltip,,Aligns the X-axis for all plots to make it easier to compare trends over time.,Aligne l'axe X de tous les graphiques pour faciliter la comparaison des tendances dans le temps.
share_y_axis_tooltip,,Aligns the Y-axis for all plots to make it easier to compare values across locations or parameters.,Aligne l‚Äôaxe Y de tous les graphiques pour faciliter la comparaison des valeurs entre emplacements ou param√®tres.
loc_code,,Choose how to display location names/codes,Choisissez comment montrer le nom/code des emplacements
loc_code_name,,Name,Nom
loc_code_code,,Code,Code
loc_code_nameCode,,Name (code), Nom (code)
loc_code_codeName,,Code (name), Code (nom)
target_datetime,,Use target date/time,Utiliser la date/le temps cible
target_datetime_tooltip,,"Some measurements use a set date to line up repeated readings. For example, snow surveys may be taken within a few days of the 1st of the month but are shown as if taken on the 1st.","Certaines mesures utilisent une date fixe pour aligner des relev√©s r√©p√©t√©s. Par exemple, les relev√©s de neige peuvent √™tre effectu√©s quelques jours avant ou apr√®s le 1er du mois, mais sont affich√©s comme s‚Äôils avaient √©t√© pris le 1er."
modify_plot_aes,,Change plot appearance,Modifier l'apparence du graphique
full_screen,,Full screen,Plein √©cran
language,,Language,Langue
show_x_grid,,Show X-axis gridlines,Afficher la grille de l'axe X
show_y_grid,,Show Y-axis gridlines,Afficher la grille de l'axe Y
num_rows,,Number of rows (leave blank for automatic),Nombres de lignes (laisser vide pour automatique)
colorblind_friend,,Color-blind friendly,Adapt√© au daltonisme
point_scale,,Point size factor,Facteur de taille des points
line_scale,,Line scale factor,Facteur de taille des lignes
modal_select_multi_not_null,,Please narrow selections to a single timeseries before adding another.,SVP s√©lectionner une seule s√©lection avant d'ajouter une nouvelle s√©rie temporelle.
modal_error_multi_trace,,"There are duplicate traces. Each trace must have a unique combination of location, sub-location, Z (height/depth), recording rate, aggregation type, parameter, and lead/lag","Des trac√©s en double ont √©t√© trouv√©s. Chaque trac√© doit avoir une combinaison unique d‚Äôemplacement, de sous-emplacement, de Z (hauteur/profondeur), de fr√©quence d‚Äôenregistrement, de type d‚Äôagr√©gation, de param√®tre et d‚Äôavance/retard."
first_plot_hints_standards,,"<p><strong>This plot is interactive.</strong> You can zoom or move it with the buttons at the top left, or by clicking and dragging with your mouse.</p><ul><li>Double-click a legend entry to show only that series of timeseries; double-click again to show all.</li><li>Click a legend entry once to hide or show a timeseries.</li></ul><p><strong>Symbols:</strong></p><ul><li>Values above/below the detection limit ‚Üí <strong>stars</strong> (‚ú±)</li><li>Standard/guideline values ‚Üí <strong>lines</strong></li></ul>","<p><strong>Ce graphique est interactif.</strong> Vous pouvez zoomer ou le d√©placer avec les boutons en haut √† gauche, ou en cliquant et en faisant glisser la souris.</p><ul><li>Double-cliquez un √©l√©ment de la l√©gende pour n‚Äôafficher que cette s√©rie; double-cliquez de nouveau pour tout afficher.</li><li>Cliquez une fois sur un √©l√©ment de la l√©gende pour masquer ou afficher une s√©rie.</li></ul><p><strong>Symboles&nbsp;:</strong></p><ul><li>Valeurs au-dessus/en dessous de la limite de d√©tection ‚Üí <strong>√©toiles</strong> (‚ú±)</li><li>Valeurs de r√©f√©rence/normes ‚Üí <strong>lignes</strong></li>"
first_plot_hints_no_standards,,"<p><strong>This plot is interactive.</strong> You can zoom or move it with the buttons at the top left, or by clicking and dragging with your mouse.</p><ul><li>Double-click a legend entry to show only that series of timeseries; double-click again to show all.</li><li>Click a legend entry once to hide or show a timeseries.</li></ul>","<p><strong>Ce graphique est interactif.</strong> Vous pouvez zoomer ou le d√©placer avec les boutons en haut √† gauche, ou en cliquant et en faisant glisser la souris.</p><ul><li>Double-cliquez un √©l√©ment de la l√©gende pour n‚Äôafficher que cette s√©rie; double-cliquez de nouveau pour tout afficher.</li><li>Cliquez une fois sur un √©l√©ment de la l√©gende pour masquer ou afficher une s√©rie.</li></ul>"
first_plot_hints_standards_short,,<p>Values above/below the detection limit are shown with <strong>stars</strong> (‚ú±).<br><br>Standard/guideline values are shown with <strong>lines</strong>.</p>,<p>Les valeurs au-dessus/en dessous de la limite de d√©tection sont affich√©es avec des <strong>√©toiles</strong> (‚ú±).<br><br>Les valeurs de r√©f√©rence/normes sont affich√©es avec des <strong>lignes</strong>.</p>
lead_lag,,Lead/lag in hours,Avance/retard en heures
guideline_scale,,Guideline/standard scale factor,Facteur de taille des standards
axis_scale,,Text and values scale factor,Facteur des tailles du texte et des valeurs
legend_scale,,Legend text size factor,Facteur de taille de la l√©gende
optional_placeholder,placeholder text,Optional‚Ä¶,Facultatif‚Ä¶
mandatory_placeholder,placeholder text,Select a parameter,S√©lectionnez un param√®tre
map_mapType,,Map type,Type de carte
map_date_select,,Select a date,S√©lectionnez une date
map_date_within,,With data within ... day(s) at most,Avec donn√©es dans un d√©lai de ‚Ä¶ jour(s) au plus
map_date_within_selected1,,and data within,et donn√©es dans un d√©lai de
map_date_within_selected2,,day(s) or less of target date,jour(s) ou moins de la date cibl√©e
render_map,,Create map,Cr√©er la carte
map_min_yrs,minimum number of years to use historic range stats,With at least ‚Ä¶ years of record,Avec au moins ‚Ä¶ ann√©es de mesures
map_min_yrs_selected1,,With at least,Avec au moins
map_min_yrs_selected2,,years of record,ann√©es de mesures
map_target_date,target date for historical range map,Target date,Date cibl√©e
map_absolute1,,Absolute values,Valeurs absolue
map_absolute2,,Absolute value,Valeur absolue
map_relative,,% historic range,% plage historique
map_actual_date,,Date,Date
map_actual_yrs,,Years of record,Ann√©es de mesures
map_actual_hist_range,,Historic range,Plage historique
map_one_parameter,,One parameter,Un param√®tre
map_two_parameter,,Two parameters,Deux param√®tres
map_latest_measurements,,Latest measurements,Plus r√©centes mesures
map_latest_measurements_modal,,"<b>Note</b>: Latest measurements are compared to the <i>average</i> values for the same day in past years. Keep this in mind for parameters that change a lot during the day, like temperature.","<b>Remarque</b> : Les mesures les plus r√©centes sont compar√©es aux valeurs <i>moyennes</i> de la m√™me journ√©e dans les ann√©es pass√©es. Ceci impacte surtout les param√®tres qui varient beaucoup au cours d‚Äôune journ√©e, comme la temp√©rature."
map_primary_param,,Primary parameter,Param√®tre primaire
map_primary_param_solo,single parameter (public facing),Plotted parameter,Param√®tre repr√©sent√©
map_edit_primary_param,,Edit primary parameter,Modifer param√®tre primaire
map_edit_primary_param_solo,,Edit plotted parameter,Modifier le param√®tre
map_second_param,,Secondary parameter,Param√®tre secondaire
map_add_second_param,,Add secondary parameter,Ajouter param√®tre secondaire
map_edit_second_param,,Edit secondary parameter,Modifier param√®tre secondaire
map_rm_second_param,,Remove secondary parameter,Enlever param√®tre secondaire
map_edit_aes,,Edit map aesthetics,Modifier l'esth√©tique de la carte
gen_waterInfo_info,,"This function is intended to facilitate the reporting of hydrology data by compiling basic statistics (years of record, months of operation, min, max, etc.), trend information (Mann-Kendall direction and p-value, Sen's slope), and creating simple plots of level (for lakes) or flow for all requested locations. Please note that this isn't exactly a polished output, and is to be used strictly for informational purposes. In particular, note that very little of the data underlying the trends calculated has been cleaned or certified as correct by a human.","Cette fonction est con√ßue pour faciliter le rapport des donn√©es hydrologiques en compilant des statistiques de base (ann√©es de relev√©s, mois d‚Äôexploitation, minimum, maximum, etc.), des informations sur les tendances (direction de Mann-Kendall et valeur-p, pente de Sen) et en g√©n√©rant des graphiques simples du niveau (pour les lacs) ou du d√©bit pour tous les emplacements demand√©s. Veuillez noter qu‚Äôil ne s‚Äôagit pas d‚Äôun r√©sultat finalis√©, mais d‚Äôun outil strictement destin√© √† des fins informatives. En particulier, il convient de souligner que tr√®s peu des donn√©es sous-jacentes aux tendances calcul√©es ont √©t√© nettoy√©es ou certifi√©es comme correctes par un humain."
gen_waterInfo_param_select,,One parameter or both?,Un ou deux param√®tres?
gen_waterInfo_param_select_one,,"One (flow where exists, else level)","Un (d√©bit si existe, autrement niveau)"
gen_waterInfo_param_select_both,,Both (flow and level where both exist),Deux (d√©bit et niveau lorsque existent)
gen_loc_select,,"Select one, many, or all locations","S√©lectionnez un, plusieurs, ou tous les endroits"
gen_no_loc,,Select at least one location.,S√©lectionez au moins un endroit.
gen_waterInfo_end_date,,Last day to use for calculations,Derni√®re date √† consid√©rer pour les calculs
gen_waterInfo_min_months,,Months in which to look for minimums,Mois dans lesquels rechercher les valeurs minimum
gen_waterInfo_max_months,,Months in which to look for maximums,Mois dans lesquels rechercher les valeurs maximum
gen_waterInfo_prct_miss,,Max % missing data to retain annual value (in months of interest),Max % de donn√©es manquantes pour retenir une valeure annuelle (dans les mois d'int√©r√™t)
gen_generate_plots,,Generate plots?,G√©n√©rer les graphiques?
gen_waterInfo_ptype,,Min/max on single plot or separate?,Min/max sur le m√™me graphique ou s√©par√©?
gen_waterInfo_ptype_combine,,Single,m√™me
gen_waterInfo_ptype_separate,,Separate,s√©par√©s
gen_snowInfo_info,,"This function is intended to facilitate the reporting of snowpack data by compiling basic statistics (years of record, months of sampling, min, max, etc.), trend information (Mann-Kendall direction and p-value, Sen's slope), and creating simple plots of snow depth, snow water equivalent (SWE), and density for all requested locations. Please note that this isn't exactly a polished output, and is to be used strictly for informational purposes.","Cette fonction est con√ßue pour faciliter le rapport des donn√©es sur le manteau neigeux en compilant des statistiques de base (ann√©es de relev√©s, mois d‚Äô√©chantillonnage, minimum, maximum, etc.), des informations sur les tendances (direction de Mann-Kendall et valeur-p, pente de Sen) et en g√©n√©rant des graphiques simples de la profondeur de neige, de l‚Äô√©quivalent en eau de neige (EEN) et de la densit√© pour tous les emplacements demand√©s. Veuillez noter qu‚Äôil ne s‚Äôagit pas d‚Äôun r√©sultat finalis√©, mais d‚Äôun outil strictement destin√© √† des fins informatives."
gen_snowInfo_inactive,,Include inactive locations?,Inclure les emplacements inactifs?
gen_snowInfo_complete,,Complete years only?,Ann√©es compl√®tes seulement?
gen_snowInfo_ptype,,Combined or separate plots?,Grahpiques s√©par√©s ou combin√©s?
gen_snowInfo_ptype_separate,,Separate,s√©par√©s
gen_snowInfo_ptype_combine,,Combined,combin√©s
gen_snowBul_info,,"This function allows you to create Excel workbooks with the statistics used in creating the Snow Bulletin, or to create the entire Snow Bulletin Word document.","Cette fonction vous permet de cr√©er des documents Excel qui contiennent les statistics utilis√©es lors de la cr√©ation du bulletin de conditions de neige, ou de cr√©er le bulletin de neige en document Word."
gen_snowBul_toggle_stats,,Statistics,Statistiques
gen_snowBul_toggle_bulletin,,Bulletin,Bulletin
gen_snowBul_year,,Year,Ann√©e
gen_snowBul_month,,Month,Mois
gen_snowBul_basins,,Basins,Basins versants
gen_snowBul_lang,,Bulletin language,Language du bulletin
gen_snowBul_precip_period,,Period of record for precip stats,P√©riode a utiliser pour les statistiques de pr√©cipitation
gen_snowBul_cddf_period,,Period of record for CDDF stats,P√©riode √† utiliser pour les statistiques de DJGC
gen_snowBul_period1,,Last 40 years,Derniers 40 ans
all_yrs_record,,All years of record,Toutes les ann√©es disponibles
last_yr_only,,Up to last plotted year,Jusqu'√† la derni√®re ann√©e trac√©e
gen_snowBul_period3,,1981-2010,1981-2010
gen_snowBul_period4,,1991-2020,1991-2020
gen_snowBul_scale,,Plot scale,√âchelle des graphiques
gen_snowBul_error_stats,,Error generating snow bulletin stats Excel tables,√âchec lors de la cr√©ation des tableaux de statistiques
gen_snowBul_error_report,,Error generating snow bulletin Word document,√âchec lors de la cr√©ation du rapport Word
add_trace,,Add trace,Ajouter un trac√©
modify_trace,,Modify trace,Modifier le trac√©
remove_trace,,Remove trace,Enlever le trac√©
add_subplot,,Add subplot,Ajouter un sous-graphe
modify_subplot,,Modify subplot,Modifier le sous-graphe
remove_subplot,,Remove subplot,Enlever le sous-graphe
add_subplot_trace_tooltip,,"Click 'Add trace' to overlay a new timeseries on the same plot, or 'Add subplot' to create a separate panel.","Cliquez sur ¬´ Ajouter un trac√© ¬ª pour superposer une nouvelle s√©rie temporelle sur le m√™me graphique, ou sur ¬´ Ajouter un sous-graphe ¬ª pour cr√©er un panneau s√©par√©."
About view module,,,
licence_title,,Using data from this application,Utilisation des donn√©es de cette application
licence1,,"The data, reports, and plots generated from this application are licenced under the Yukon Government's ","Les donn√©es, rapports et graphiques g√©n√©r√©s par cette application sont licenci√©s sous la "
licence2,,Open Government Licence,licence de gouvernement ouvert du Yukon
licence_url,,https://yukon.ca/en/your-government/open-government/open-government-licence-yukon,https://yukon.ca/fr/votre-gouvernement/gouvernement-ouvert/gouvernement-ouvert-licence-du-yukon
licence3,,"Please note that some datasets provided through this application are sourced from external organizations (e.g., the Water Survey of Canada). Such data may be subject to their own licensing terms, which apply in addition to the Yukon Government licence. Users are responsible for reviewing and complying with any applicable third-party licences.","Veuillez noter que certains ensembles de donn√©es fournis par cette application proviennent d‚Äôorganisations externes (p. ex. le relev√© hydrom√©trique du Canada). Ces donn√©es peuvent √™tre assujetties √† leurs propres conditions de licence, qui s‚Äôappliquent en plus de la licence du gouvernement du Yukon. Il incombe aux utilisateurs de prendre connaissance des licences de tiers applicables et de s‚Äôy conformer."
about_title1,title,About us,√Ä propos de nous
about_content1,content,Content to be developed!,√Ä d√©velopper!
about_title2,title,About this application,√Ä propos cette application
about_content2,content,"This web site was built using R Shiny, allowing us to take advantage of the R programming language's strenghts in data handling and visualization. The application code is packaged with many other useful functions beyond those shown here, and is publicly viewable at ","Ce site Web a √©t√© cr√©√© avec R Shiny, ce qui nous permet de tirer parti des points forts du langage de programmation R pour la gestion et la visualisation des donn√©es. Le code de l‚Äôapplication est regroup√© dans un package contenant de nombreuses autres fonctions utiles, au-del√† de celles pr√©sent√©es ici, accessible publiquement au "
about_content3,content,"The data is stored in a database that is maintained and updated mostly through automated workflows, powered by another R package available at ","Les donn√©es sont stock√©es dans une base de donn√©es maintenue et mise √† jour principalement par des flux de travail automatis√©s, propuls√©s par un autre package R disponible ici : "
about_content4,content," This database contains continuous (timeseries) data, water chemistry data, spatial data, various types of metadata, and more, helping us paint a complete picture of water and climate conditions across Yukon in real time.","Cette base de donn√©es contient des donn√©es continues (s√©ries temporelles), des donn√©es de chimie de l‚Äôeau, des donn√©es spatiales, divers types de m√©tadonn√©es et plus encore, ce qui nous aide √† dresser en temps r√©el un portrait complet des conditions hydrologiques et climatiques au Yukon."
about_content5,content,"We welcome collaborations with academic institutions and other government partners. Both R packages are licensed under AGPLv3, so that others can use and adapt these tools while ensuring that improvements remain available to the public.","Nous accueillons avec plaisir les collaborations avec des √©tablissements universitaires et d‚Äôautres partenaires gouvernementaux. Les deux packages R sont distribu√©s sous licence AGPLv3, ce qui permet √† d‚Äôautres de les utiliser et de les adapter tout en veillant √† ce que les am√©liorations demeurent accessibles au public."
about_url_ygwater,url,https://github.com/YukonWRB/YGwater,https://github.com/YukonWRB/YGwater
about_url_aquacache,url,https://github.com/YukonWRB/AquaCache,https://github.com/YukonWRB/AquaCache
current_software,,Current software and database status:,√âtat actuel du logiciel et de la base de donn√©es
app_version1,,Application version,Application version
app_version2,,connected to AquaCache database revision ,connect√©e √† la base de donn√©es AquaCache r√©vision
app_version3,,revision,r√©vision
Generic labels,,,
data_type,direct translation,Data Type,Types de donn√©es
unknown,,Unknown,Inconnu
cluster_points_label,,Cluster points,Regrouper les points
location_type_legend,,Location type,Type d‚Äôemplacement
loc,direct translation,Location,Emplacement
locs,,Locations,Endroits
loc(s),,Location(s),Emplacement(s)
select_locs,,Select locations,S√©lectionnez des emplacements
pl_select_loc,,Please select a location.,SVP s√©lectionner un emplacement
pl_select_param,,Please select a parameter,SVP s√©lectionner un param√®tre
sub_loc,,Sub-location,Sous-emplacement
sub_loc(s),,Sub-location(s),Sous-emplacements(s)
z,,Depth/height (meters),Profondeur/hauteur (m√®tres)
continuous,direct translation,Continuous,Continues
discrete,direct translation,Discrete,Discr√®tes
type,direct translation,Type,Type
media_type,,Sample media,M√©dia d'√©chantillonage
media_type(s),direct translation,Sample media(s),M√©dia(s) d'√©chantillonage
sample_type(s),,Sample type(s),Type d'√©chantillon
aggregation_type,,Aggregation type,Type d'agr√©gation des mesures
aggregation_type(s),,Aggregation type(s),Type d'agr√©gation des mesures
param_group,direct translation,Parameter group,Groupe de param√®tre
param_groups,direct translation,Parameter groups,Groupes de param√®tres
param_group(s),direct translation,Parameter group(s),Groupe(s) de param√®tre(s)
param_sub_group,direct translation,Parameter sub-group,Sous-groupe de param√®tre
param_sub_groups,direct translation,Parameter sub-groups,Sous-roupes de param√®tres
param_sub_group(s),direct translation,Parameter sub-group(s),Sous-groupe(s) de param√®tre(s)
group,direct translation,Group,Groupe
parameter,direct translation,Parameter,Param√®tre
parameters,direct translation,Parameters,Param√®tres
parameter(s),direct translation,Parameter(s),Param√®tre(s)
select_params,,Select parameters,S√©lectionnez des param√®tres
project,direct translation,Project,Projet
projects,direct translation,Projects,Projets
project(s),direct translation,Project(s),Projet(s)
network,direct translation,Network,R√©seau
networks,direct translation,Networks,R√©seaux
network(s),direct translation,Network(s),R√©seau(x)
units,direct translation,Units,Unit√©s
period,direct translation,Period,P√©riode
category,direct translation,Category,Cat√©gorie
measurement_type,,Measurement type (frequency),Type de mesure (fr√©quence)
reset,direct translation,Reset,R√©initialiser
all,direct translation,All,Tout
all_locs,,All locations,Tous les endroits
from,direct translation,from,de
to,direct translations,to,√†
from_utc_offset,direct translation,From (UTC-7),De (UTC-7)
to_utc_offset,direct translations,To (UTC-7),√Ä (UTC-7)
start,direct translation,Start,D√©but
end,direct translations,End,Fin
start_utc_offset,direct translation,Start (UTC-7),D√©but (UTC-7)
end_utc_offset,direct translations,End (UTC-7),Fin (UTC-7)
datetime,direct translation,Date/Time,Date/temps
datetime_utc_offset,direct translation,Date/Time (UTC-7),Date/temps (UTC-7)
settings,direct translation,Settings,Param√®tres
save,,Save,Enregistrer
create_report,,Create report,Cr√©er le rapport
close,modal actionButton text,Close,Fermer
cancel,,Cancel,Annuler
create_plot,,Create plot,Cr√©er le graphique
jan,,January,janvier
feb,,February,f√©vrier
mar,,March,mars
apr,,April,avril
may,,May,mai
jun,,June,juin
jul,,July,juillet
aug,,August,aout
sep,,September,septembre
oct,,October,octobre
nov,,November,novembre
dec,,December,d√©cembre
generating_working,,Working‚Ä¶,Travail en cours‚Ä¶
english,,English,Anglais
francais,,French,Fran√ßais
DT internationalization,,,
tbl_info,DT internationalization, _TOTAL_ records total,_TOTAL_ √©l√©ments au total
tbl_info_empty,DT internationalization,No records to show!,Rien √† voir ici!
tbl_prev,DT internationalization,Previous,Pr√©c√©dent
tbl_next,DT internationalization,Next,Prochain
tbl_search,DT internationalization,Search:,Recherche
tbl_length,DT internationalization,Show _MENU_ records,Montrer _MENU_ √©l√©ments
tbl_filtered,DT internationalization,(filtered from _MAX_ records),(filtr√©es de _MAX_ √©l√©ments)
tbl_zero,DT internationalization,No matching records found,Aucunes donn√©es existantes
Database columns and table names,,,
param_name_col,DB column selection ,param_name,param_name_fr
media_type_col,DB column selection ,media_type,media_type_fr
param_group_col,DB column selection ,group_name,group_name_fr
param_sub_group_col,DB column selection ,sub_group_name,sub_group_name_fr
generic_name_col,DB column selection,name,name_fr
sample_type_col,,sample_type,sample_type_fr
sub_location_col,,sub_location_name,sub_location_name_fr
aggregation_type_col,,aggregation_type,aggregation_type_fr
changepwd_nav,nav panel title,Change password,Changer le mot de passe
current_pw,label,Current password,Mot de passe actuel
new_pw,label,New password,Nouveau mot de passe
confirm_pw,label,Confirm new password,Confirmer le nouveau mot de passe
pw_change_btn,button text,Change password,Modifier le mot de passe
pw_change_success,modal text,Password updated successfully.,Mot de passe mis √† jour avec succ√®s.
pw_change_fail_match,modal text,New passwords do not match.,Les nouveaux mots de passe ne correspondent pas.
pw_change_fail_current,modal text,Current password incorrect.,Mot de passe actuel incorrect.
pw_change_title,modal title,Change password,Changer le mot de passe
